-3e-13,-0.000843835137989607,0.00276032380377427,0.00129041591009762,0.000189768278965304,-0.0128709715319732
-2.8e-13,0.000571533923931056,0.00222174137038827,0.0019575644770939,0.00517302732020657,0.00163059517408624
-2.6e-13,0.000174839853551934,0.00182692134548446,-0.00522994132967275,-0.000627687046621513,-0.000955506669834072
-2.4e-13,0.000974958386645003,0.00316128837353202,0.00648135170771194,0.00165280532166109,0.00154732838679195
-2.2e-13,0.000845959214063548,0.00524655003732041,0.00678933894535139,0.00304253634572712,0.00259861296338243
-2e-13,2.07363674305904e-05,-1.8459912935717e-05,-0.0031008125899481,0.00136896609962392,0.00200670003173797
-1.8e-13,0.00189880511205241,0.000763453449093549,0.0119527167274646,-0.00821798858566811,0.0181973008122688
-1.6e-13,0.000424918472763622,0.000122113798890738,0.00547701611392039,-0.00527777784891459,0.00952034489680195
-1.4e-13,-0.000335904804109671,-0.00295562881021148,0.00971421598347269,0.00222520020695999,0.00171645971881247
-1.2e-13,-0.00237353219131699,-0.00240203480799035,-0.00466551269044035,-0.00015050922381535,-0.0253205295612887
-1e-13,-0.000140050364729927,0.00170206588626598,-0.00384055759203025,0.00150789275044814,-0.0118406315833284
-8e-14,9.64427930728158e-05,0.0047943739881534,0.00402959755904716,0.00522835441049337,-0.00495684676620417
-6e-14,0.00121157638376403,0.00499215924419519,0.00530075492222465,-0.000480566964990978,0.00781826547263748
-4e-14,-0.000181532003253281,-0.00414514196084087,0.00392531219048517,-0.00205295543518522,-0.00173681028986168
-2e-14,-0.00015573551647933,-0.00706961488909551,-0.00563660458659349,-0.00078847075705607,-0.0147142366400969
0,-0.000246785270850883,-0.0115307580018653,-0.00222584507373092,0.0113537379151072,-0.0250119919512896
2e-14,0.000884474669133733,-0.0204287065479413,-0.0246823357160401,0.00793530990485103,-0.0476933350375229
4e-14,0.00257164382448293,-0.0430509286319287,-0.0391140774632835,0.0182344600579341,-0.0933498189851183
6e-14,0.00807222053884723,-0.0828387419811653,-0.0757639938730377,0.0224372185422325,-0.159854955169698
8e-14,0.0122849413788156,-0.11278169824066,-0.117340626129414,0.0369406238211444,-0.228643672093102
1e-13,0.0254151055946467,-0.188743295451184,-0.151099970491879,0.0715323256390455,-0.274677175264393
1.2e-13,0.0367945975831257,-0.233443645535759,-0.187497969059906,0.0991542519669305,-0.309291277056093
1.4e-13,0.0517273559479053,-0.271554972347865,-0.19731200987362,0.115416607384274,-0.25015525488597
1.6e-13,0.0622008812102789,-0.292605235852266,-0.156133191846122,0.142011767002603,-0.194152824672009
1.8e-13,0.0774274989804181,-0.28780713085571,-0.0787972751225508,0.148077574320154,-0.055390452142243
2e-13,0.0816684278317627,-0.267097760761363,-0.0268585881501728,0.152767372652521,-0.00955710147625583
2.2e-13,0.0890281555384401,-0.225347864496205,0.0800146051995983,0.164372288594876,0.0720001243993322
2.4e-13,0.0898033742323103,-0.195303887807016,0.139221172284908,0.158497701366407,0.0811587169346535
2.6e-13,0.0922418701289874,-0.136291092405453,0.209724132032608,0.153990011916224,0.0966638189499412
2.8e-13,0.0883986073850961,-0.0948794361206924,0.22806558360787,0.14797867554815,0.0814438654803729
3e-13,0.091888606304569,-0.0444445907304503,0.260022142631416,0.170993703025276,0.0584531630130102
3.2e-13,0.0879977579046304,-0.00635117523462736,0.255364612823157,0.171861022416706,0.0076690406205883
3.4e-13,0.08870285651652,0.0210380388542123,0.231138477511455,0.166036969402998,0.00690775841099772
3.6e-13,0.088376184146292,0.0448766139517944,0.226621421753677,0.197642218777293,-0.024064877820552
3.8e-13,0.0863225152828096,0.0721596701992626,0.180901969127571,0.189017577321529,-0.0410991323051269
4e-13,0.0832072343158422,0.0846017432181715,0.136776121273293,0.187343893444425,-0.075329109969284
4.2e-13,0.0861867779930561,0.0923852444010803,0.113736449649767,0.182000520850354,-0.0352631518840286
4.4e-13,0.0840912062723461,0.0885037492655209,0.0823359350112437,0.185039723739011,-0.0558605600558002
4.6e-13,0.0821529263942348,0.0988738541861532,0.0414186915682117,0.166405929195199,-0.0698477953786869
4.8e-13,0.0811484506712871,0.102266177393102,0.0212735377821396,0.153809088851192,-0.0613252479639062
5e-13,0.0820551600258685,0.0981222918625773,0.00342789650568011,0.146479074648635,-0.0481106457722253
5.2e-13,0.0811043588170295,0.110139222016257,-0.0166964326238292,0.128409577964848,-0.0437864145321716
5.4e-13,0.0801887553410299,0.102935959578952,-0.0394473728081078,0.120662053179549,-0.0467067281280319
5.6e-13,0.0839845128749558,0.101259725691294,-0.0271647460216676,0.114368035094147,-0.0145955123969616
5.8e-13,0.0804894716100346,0.103546084512822,-0.0570587556377238,0.108771615664081,-0.0386816966516962
6e-13,0.0812577516292232,0.0959036465926992,-0.0629913704396648,0.0897992693956914,-0.00643282222670188
6.2e-13,0.0817375031694248,0.0968918200862622,-0.0604613744807213,0.076943686570466,0.00372067374659887
6.4e-13,0.0807381146064455,0.0913301312191456,-0.0589314074612777,0.0666584747231153,-0.000646378285207366
6.6e-13,0.078982214182041,0.0893306270062938,-0.0806244457324305,0.0572263394343018,-0.0111509563263242
6.8e-13,0.0796116607570539,0.0822471599327366,-0.0778321006821692,0.0473019089922461,0.00830190455727177
7e-13,0.0800654929586479,0.0845922272574916,-0.0794983183393287,0.0627357363905972,0.00899008815399115
7.2e-13,0.0793114030624259,0.0791756455598872,-0.0800408909196574,0.0518702827657503,-0.00611948295767553
7.4e-13,0.0802030322830219,0.0768886816658259,-0.0836287175411205,0.0322557449566337,0.0187346898448482
7.6e-13,0.0790164181808683,0.0653562020209777,-0.0829637474378721,0.041688778058403,0.00458113820696939
7.8e-13,0.0781884603300769,0.0707649092814195,-0.0948168568973353,0.0302125759853992,-0.00160845462767989
8e-13,0.0784916589760988,0.0691075337398325,-0.0943586349651179,0.0360376788526537,0.0027644689112855
8.2e-13,0.0791329769022243,0.0643444737127534,-0.0886323142135721,0.020111623630462,0.0195763905236292
8.4e-13,0.0787284534630629,0.0567669324182398,-0.081513850634464,0.0333148311488076,0.0153914677193376
8.6e-13,0.0781702062764068,0.0536239699197871,-0.0884997444088405,0.0276513084400609,0.00775556834613058
8.8e-13,0.0758846205627163,0.0618938510265459,-0.0835142800234579,0.0218060654842283,0.0141017170065059
9e-13,0.077940444597479,0.0516977143668505,-0.0807856367489751,0.0342454261954616,0.0074474254525077
9.2e-13,0.0786451428477924,0.0586533750227044,-0.0872298060734494,0.0251953717998804,0.0214927113509258
9.4e-13,0.0796787891829829,0.0461259166657368,-0.0726015937784353,0.025031941820797,0.033412191810469
9.6e-13,0.0780793006298721,0.0436122647096946,-0.0727677311342789,0.0308189079900672,0.00988817969459366
9.8e-13,0.0786100753097351,0.0386248738226357,-0.0712269930530217,0.0300177370538745,0.0273531092550263
1e-12,0.0787941473842784,0.0396496966819742,-0.070314344173689,0.0139488182340788,0.0300410738860709
1.02e-12,0.0788529359157289,0.0383438779570279,-0.0730458424917178,0.0210397062707973,0.0288407487457299
1.04e-12,0.0797540430409051,0.039378801517013,-0.0719501341558134,0.0110459343159796,0.0439663079510256
1.06e-12,0.0779579111505317,0.0355825309789507,-0.0695417411677536,0.0197854981571954,0.0202035403095374
1.08e-12,0.0792122575440231,0.0311114353992719,-0.0719735385142712,0.0191104566760515,0.0273375803254316
1.1e-12,0.0787124896587244,0.0412282897651876,-0.0881190954191532,0.00852404085686414,0.0382074627910139
1.12e-12,0.0778841969954906,0.0265526090106671,-0.0591051391188494,0.0234667368846638,0.0246615417286091
1.14e-12,0.0770747300963088,0.0261945566027121,-0.0639582699923963,0.0170143157756667,0.0192734826760535
1.16e-12,0.0795602150592073,0.0359171700939212,-0.062084544945976,-0.00340683540403617,0.0553791576062596
1.18e-12,0.0780849024597618,0.0247821335486608,-0.0559339697604845,0.00576683616166822,0.0372849062558215
1.2e-12,0.0793327854190542,0.0308067433939835,-0.0540580662896123,0.0018698482889619,0.0455072904437705
1.22e-12,0.0765442247929431,0.0300214218623003,-0.0702495693908409,0.00963541520832481,0.0137605239256814
1.24e-12,0.077596485317158,0.0204177173197435,-0.0507665869931244,0.00537023078032487,0.0330220543096113
1.26e-12,0.0745574917393858,0.0209331632548472,-0.0497292638599967,0.00819468843157382,0.0251693600638325
1.28e-12,0.0793141695466529,0.0226495729028481,-0.0451868015752234,0.00836682891717262,0.0498490232876666
1.3e-12,0.0785412381807361,0.0177667401837436,-0.0488452181213399,0.0141348944270761,0.03650320325399
1.32e-12,0.077887494279536,0.0219925422105373,-0.0561214556750562,-0.00485778244595326,0.0393116087366853
1.34e-12,0.0763271145880959,0.0143035701150578,-0.0577640146300302,0.00564979055089788,0.0260778661773903
1.36e-12,0.076265785407042,0.0106682853722151,-0.0447837012634663,0.00644074684710609,0.0208475269960133
1.38e-12,0.0760287158271123,0.0166167884144968,-0.052157022863442,0.000781710402705518,0.0136298402430422
1.4e-12,0.0762635810314858,-0.00106767810268741,-0.0425958804698402,0.00964470467950087,0.0239825628402616
1.42e-12,0.0776963491846684,0.0181282432544698,-0.0490346129115728,-0.0113134781738259,0.0319956801894192
1.44e-12,0.0778739733660115,0.0128035709877196,-0.0502676944805924,0.00196764308332951,0.0389209732673493
1.46e-12,0.0762381816315756,0.0187382698255884,-0.0511646925193735,-0.00621832801376487,0.0327136926396182
1.48e-12,0.0772385090985778,0.00935748423186925,-0.034167710408765,-0.00749536284320735,0.0346215099647482
1.5e-12,0.0762974867007423,0.00917313235905026,-0.0329128780242866,0.00474376216829119,0.0289434959510393
1.52e-12,0.0770191299582622,0.00685633128800521,-0.0337417499133296,0.00227160661214512,0.0344696415294134
1.54e-12,0.0782910665721918,0.0098536816405069,-0.0270593105615947,0.00320300910217215,0.0405096920027042
1.56e-12,0.0780515312327873,0.0135324120235912,-0.0379601673514079,-0.00822274609385783,0.0363668806854433
1.58e-12,0.0743427323466272,0.00561500168592053,-0.0324397974190134,-0.0214875733752739,0.05031177468644
1.6e-12,0.0776451930633136,0.00414372730379337,-0.0279857466690675,-0.0134832653204561,0.0457595682429299
1.62e-12,0.0773730409437203,0.00377810656854789,-0.0291614639933891,-0.0186252424454722,0.0379861778686216
1.64e-12,0.0768709220946285,0.00258615568354488,-0.0304065983737653,-0.0118736015878925,0.0363434470224209
1.66e-12,0.0767959842130372,0.000807603235069674,-0.0242999124897374,-0.00920632425490987,0.0272404353487798
1.68e-12,0.0769501811325202,-0.000986914636860357,-0.0259381996896435,-0.0213335323915916,0.0448164071867915
1.7e-12,0.0780364584287637,0.00404539787877906,-0.0248311888757689,-0.0111498439334248,0.0448589925977471
1.72e-12,0.0752582819811391,0.00768049744282141,-0.0361653293344816,-0.0214688238775322,0.0238582275998684
1.74e-12,0.0753422229905701,-0.00413363724403099,-0.0242761486161047,-0.013684442899723,0.0197660148876806
1.76e-12,0.0707248625573155,0.00733747244255091,-0.0268702478919313,-0.0132314625909151,0.00981676587562885
1.78e-12,0.0748415299870651,-0.00793931871616401,-0.0220600229899224,-0.00708959446299108,0.0175761746496373
1.8e-12,0.0737838435599538,0.00269728045839014,-0.0231731095148291,-0.0186391608270047,0.0141909994876572
1.82e-12,0.0765647635176689,-0.00290851865999071,-0.0187400784577126,-0.0189162226202272,0.0417124405776517
1.84e-12,0.075333851268014,-0.00124012205903342,-0.0278121425984642,-0.0259223531601141,0.0231781448652561
1.86e-12,0.0749983290017387,-0.00251709035599791,-0.0228711475756784,-0.0266746167222479,0.0261868247132608
1.88e-12,0.0728235860027899,-0.00350846365023887,-0.0247869845710376,-0.017744904039731,-0.000199316754888403
1.9e-12,0.0743226944610212,-0.00590802757740676,-0.0218646638377575,-0.0249956377976545,0.0251971219698294
1.92e-12,0.0734737123652419,-0.00383765281396071,-0.0298736007505388,-0.023589422166077,0.0120043425149529
1.94e-12,0.0747102496501182,-0.000591726389320695,-0.0219003218067309,-0.0313695276828868,0.0289582100193525
1.96e-12,0.0750374390711432,-0.00608805887437405,-0.0184158774004221,-0.0193747401309279,0.0314818579453075
1.98e-12,0.073662173722332,-0.00815704716630862,-0.0203828728836225,-0.0282385887346275,0.0165229209102714
2e-12,0.0756194118203743,-0.00473296084827748,-0.00951234114789906,-0.0226574727289065,0.0374380342212488
2.02e-12,0.0745702219948711,-0.00630998657477777,-0.0140808356377194,-0.0342609933309709,0.0206199180926647
2.04e-12,0.0740517698497001,-0.0114645196870288,-0.019145157520608,-0.0245545989459576,0.0159337847285218
2.06e-12,0.0748711424732908,-0.00879093684450892,-0.0071990698268768,-0.0245318253994292,0.0206389994044831
2.08e-12,0.0737710215060918,0.000239001706558829,-0.0183527842041987,-0.0344003810097843,0.0215827339274257
2.1e-12,0.0732600245121707,-0.0083408089383246,-0.0113498698397555,-0.025006415213746,0.0083773820247926
2.12e-12,0.0742423421708739,-0.00891274478906735,-0.00406692649354351,-0.0197516304468848,0.0272407147288248
2.14e-12,0.0734566789925143,-0.0159296649495871,-0.00994749891009917,-0.0305138146952818,0.0191264402947366
2.16e-12,0.0725083071235614,-0.0131012194394256,-0.0175332440275729,-0.0295750639230696,-0.00222825417551666
2.18e-12,0.073344959042043,-0.0103335064822517,-0.00845604226480771,-0.0350725871270894,0.0218241948194556
2.2e-12,0.0728691878747178,-0.015905080271067,-0.0139318593145255,-0.0353477370116468,0.00588183591420682
2.22e-12,0.0733585151162291,-0.0130183635854562,-0.00461677485655391,-0.0417934178156488,0.0280661057260329
2.24e-12,0.0729425598488764,-0.0091058402064459,-0.0128112741459889,-0.0376974642055266,0.0093163531297899
2.26e-12,0.0739787142614871,-0.0108266732396542,-0.0160444421613247,-0.0418153592234057,0.0307019193290669
2.28e-12,0.0729837254703311,-0.0120234298434077,-0.00824987937107873,-0.0433006182344999,0.0168614740566322
2.3e-12,0.0742521095165195,-0.0169460524099224,0.00437908885283808,-0.0332023712392124,0.0247491903045977
2.32e-12,0.0728714301129621,-0.0124528333971876,-0.00644026594753087,-0.0383952999535647,0.0194293577606943
2.34e-12,0.0731076340343414,-0.00533551332160285,-0.00793607247195869,-0.0464935971352387,0.0173470149681357
2.36e-12,0.0734838694939614,-0.00912174115058709,-0.000594573121996137,-0.0413103794275587,0.0229772488889406
2.38e-12,0.0743332002074828,-0.0190322342002312,0.00465760797623316,-0.0411778896464893,0.0335450159458897
2.4e-12,0.0717923820444596,-0.0130424731356999,0.000341179846147474,-0.0322150528891527,0.0151489382307977
2.42e-12,0.0724496641969441,-0.012156341280475,0.000890435765859269,-0.048399928483312,0.011954814985486
2.44e-12,0.0722898361682083,-0.00490002893027263,-0.0125312100285621,-0.0497057342043181,0.0164421955175811
2.46e-12,0.0713507213497078,-0.011275341890053,-0.00732794969794178,-0.0453174528400511,0.00729872657670271
2.48e-12,0.0720155655455344,-0.0183312470378024,0.00152053114115945,-0.0459100217171335,0.014700958038174
2.5e-12,0.0729575387228836,-0.0119462191958895,-0.00775930151823311,-0.0524535404124057,0.0164728010948249
2.52e-12,0.0743154876990761,-0.0129568412380974,0.0100881320597496,-0.0434943537753867,0.032854807843239
2.54e-12,0.068964869896952,-0.0230967342852436,0.00749934226140842,-0.0367710080683216,0.00483308681088582
2.56e-12,0.0704398474802118,-0.0140421336101971,-0.00341001657392947,-0.0443300515135955,0.00192553816271822
2.58e-12,0.0715877074056176,-0.0134497770865453,-0.00186753415881047,-0.0531389769779367,0.0068861013756062
2.6e-12,0.0749437898078415,-0.00970006291050245,0.0098155827951474,-0.0520169194909192,0.0403651575687245
2.62e-12,0.0707443569621983,-0.0168579307307524,-0.0031516447816312,-0.0426099418614842,0.00305646535153358
2.64e-12,0.0707637027273513,-0.0153346976664427,0.00339814041202683,-0.0477535274646118,0.00504920140999161
2.66e-12,0.0718829350866049,-0.0177627673883586,0.00454916250217056,-0.0486220949640318,0.0201108110491353
2.68e-12,0.0708445694420087,-0.0215872011347321,0.00607510297971186,-0.0510582151800666,0.0102882732996771
2.7e-12,0.0705574814230296,-0.0133299582863256,-0.000999492953147743,-0.0581731994230094,0.0113777029376588
2.72e-12,0.0727633116451384,-0.0113166302175252,0.00467315395740151,-0.0516550901424018,0.0241421398353726
2.74e-12,0.0718556982229713,-0.0141087873826556,0.000603837386636725,-0.0529457631845018,0.0188853228462631
2.76e-12,0.072494802359432,-0.012091856687009,0.00625155663815775,-0.0523171266436335,0.0294765659538125
2.78e-12,0.070929571755247,-0.0205192240350186,0.000228778402315623,-0.0526397289291606,0.00840798099354363
2.8e-12,0.0712597028184322,-0.0195052249989906,0.00736538906152095,-0.0468449572081732,0.007254402613399
2.82e-12,0.0722836641152139,-0.0104289854590202,0.00355971477413252,-0.0569299069949146,0.0110734074633484
2.84e-12,0.0710341081243348,-0.0171518893732049,0.00835947581062179,-0.0517093525679648,0.0171851578767923
2.86e-12,0.0711388998686911,-0.0142393636544934,0.00649273248483702,-0.0538369212609839,0.00764688280473378
2.88e-12,0.0702383396280561,-0.0148854937513961,0.0171260742566417,-0.0513258159916714,0.00203318950242395
2.9e-12,0.0708631177117246,-0.0235999789427679,0.0174292398564909,-0.0449082687537236,0.00710652069680493
2.92e-12,0.0688270290846491,-0.0192153114911706,0.0154142026216972,-0.0505941869512762,2.08347711599295e-05
2.94e-12,0.068741731036218,-0.020260888342771,0.0190906062305479,-0.040070123010276,0.00815175166016695
2.96e-12,0.0710059672175866,-0.0170450861302104,0.00703117465685203,-0.0644254198687392,0.0284835765037295
2.98e-12,0.0709840354451319,-0.0216519564232192,0.0100863306450482,-0.0450023767427543,0.0108145902426204
3e-12,0.0685398885801348,-0.0186780697559021,0.00523330952872601,-0.0531240603744358,-0.0134771617566285
3.25e-12,0.0685070060326905,-0.020010017220657,0.00882244317954554,-0.062255566926265,-6.46081971295023e-06
3.5e-12,0.0679509123681372,-0.0313693768877513,0.0246539115280465,-0.0481318967727145,-0.0125046946185026
3.75e-12,0.0672468002634982,-0.0231482297179044,0.0167820034270149,-0.0616246060058383,-0.00476459167613497
4e-12,0.0671355310645385,-0.0255531015032034,0.0307369624873146,-0.0641238454624057,-0.00763850777164653
4.25e-12,0.0666851088985255,-0.0287393440450335,0.0334592455095632,-0.0722721755633121,-0.0046820288504886
4.5e-12,0.065683362940709,-0.0398933356858713,0.042454475633829,-0.0687041322862757,-0.00439310601472287
4.75e-12,0.0651333913838897,-0.0324293578420644,0.0384460083601738,-0.0750567367656056,-0.00456604911646094
5e-12,0.065576590554421,-0.0327398799423676,0.0446781284785571,-0.0781409271611696,-0.00432731085553609
5.25e-12,0.0644335472702313,-0.0248156378915089,0.0451439088308988,-0.0786175818044795,-0.00849160601643513
5.5e-12,0.0639537230994811,-0.0332502426960342,0.0447297981830507,-0.0787048794316268,-0.0109007385478647
5.75e-12,0.0633418964487118,-0.0304137973236964,0.041955444715824,-0.0849150938569299,-0.0116114274024644
6e-12,0.0624244742914549,-0.0241822119023896,0.0382291015396926,-0.0856457503491432,-0.0148007051917511
6.25e-12,0.0645095111614403,-0.0250586333607373,0.0482709645051545,-0.0937091969553913,0.0160254805347506
6.5e-12,0.062786271667393,-0.0320862357796659,0.0528301693800096,-0.0824397464918556,-2.63830262194709e-05
6.75e-12,0.0617837902938371,-0.0377691586969396,0.0548180366851373,-0.0854997695289434,0.000568342899950334
7e-12,0.0629131474748814,-0.0312649447246694,0.0556384646089441,-0.0928555848671341,0.00327004994355143
7.25e-12,0.0587185911156263,-0.0403643602953166,0.0446090623521949,-0.087726797421954,-0.0284683218883675
7.5e-12,0.0609726408369131,-0.0305823953062018,0.0521396801106474,-0.090151442015732,-0.00948078892496445
7.75e-12,0.0576170027824957,-0.0438565185256045,0.0509471476495082,-0.0689471105179653,-0.0453342900022138
8e-12,0.0595205173327119,-0.0349982580680682,0.0629033044349499,-0.0807622086485028,-0.0202493768174839
8.25e-12,0.0581402278409619,-0.0333312804610502,0.0552051455937045,-0.0808276694059731,-0.0324666595119642
8.5e-12,0.0575713506792627,-0.0411639477836878,0.0588234973479773,-0.0757187639563423,-0.0351836891522829
8.75e-12,0.0565741052378462,-0.0418601460355058,0.0518970774325001,-0.077921136446208,-0.0453444212408554
9e-12,0.0554934972790603,-0.0388949156091669,0.0615809431207063,-0.072117221543964,-0.0302056604804412
9.25e-12,0.0561043482335297,-0.0416304243052487,0.0480082059324517,-0.0789037764252224,-0.0426065337010124
9.5e-12,0.0566472072908398,-0.0427363889832079,0.0580847703592828,-0.0718805653138238,-0.0408986199063665
9.75e-12,0.0588531295268639,-0.0384036086890716,0.0619036660173703,-0.080952922078184,-0.0144492554360856
1e-11,0.0577800207803799,-0.0405941283524034,0.0618701123021127,-0.0782100672631367,-0.0231126220956347
1.25e-11,0.0558583735664406,-0.0389906395974519,0.0804064907492327,-0.0748068785942002,-0.0289926201304722
1.5e-11,0.0531319926212501,-0.0329756859038554,0.0691400731237319,-0.0822107731300369,-0.042624959760582
1.75e-11,0.0529257191499061,-0.036642279625683,0.0690851158696573,-0.0754339254797401,-0.0305676350935676
2e-11,0.0484511966873093,-0.0429702102732976,0.0702286118306686,-0.0632705567662328,-0.0699461525692183
2.25e-11,0.0487020713364749,-0.0329001577533212,0.0739272575974629,-0.0592307286904359,-0.0678778210148751
2.5e-11,0.0488551511689026,-0.0339605045632734,0.0799427371001346,-0.064919804384855,-0.0596080622351741
2.75e-11,0.0481817540863563,-0.0345958004455193,0.0736942279862981,-0.0591605143088094,-0.0629257618185074
3e-11,0.0480562550475715,-0.0222376278676543,0.0701595317111177,-0.0719118342116358,-0.049972372333242
3.25e-11,0.0470899241135325,-0.0171281374419579,0.0752118844058089,-0.0666952525755805,-0.0684665732924424
3.5e-11,0.0452740811589243,-0.019010902142729,0.0716320945426668,-0.0574289090723013,-0.0816267567476344
3.75e-11,0.0455970123272064,-0.00558690947036789,0.0675284494117127,-0.0658196331138809,-0.0680135811127676
4e-11,0.0464763226501598,0.00035206091462621,0.0683069812946498,-0.0671856930859575,-0.061778955370877
4.5e-11,0.0424779254801097,-0.0163445929405678,0.0694474336729052,-0.0550660699115552,-0.0958787109828663
5e-11,0.040459704667551,-0.00155032832208842,0.0585281833213694,-0.0526575849720736,-0.106248008584313
5.5e-11,0.0409915951493713,0.0076541646907165,0.0601754894223289,-0.0535359720312455,-0.104082681136868
6e-11,0.0429593777815781,0.0152910097930324,0.0681476920690399,-0.0530967883676301,-0.0812056064185091
7e-11,0.0407431059519191,0.0116178779891294,0.0693097627317089,-0.04799182242873,-0.0961866875408907
8.5e-11,0.0388279420791484,0.0229821262343075,0.0622574228530026,-0.058483798378467,-0.106886319403944
1e-10,0.0365619244924877,0.0275270324110983,0.0625494704454104,-0.0490491132591411,-0.10824356856573
2e-10,0.0332954436453976,0.0629697558287971,0.0523679858539413,-0.0399306166793392,-0.141152615023004
3e-10,0.0306779280855475,0.0712461168656883,0.0552308329062009,-0.0317405601818469,-0.16657645478182
5e-10,0.0312249771091676,0.104097726107121,0.0530672162797637,-0.0448758023892431,-0.160608411217652
1e-09,0.0269020884272402,0.143852374648839,0.0455810146997302,-0.0522335117433043,-0.217345950995947
1.5e-09,0.0247445993810636,0.166747045235129,0.0533513740194924,-0.0547057180679194,-0.242072320116412
2e-09,0.0206606439338256,0.218239966869811,0.0344667585269945,-0.0480810245338996,-0.287697843634475
2.5e-09,0.0175761315769681,0.244613814949114,0.0489343065397879,-0.0535902883445089,-0.332139738194351
