-3e-13,-0.000135047924807934,7.55459268151389e-05,1.55286533749355e-05,1.59402602602947e-06,-8.97895476153031e-05
-2.8e-13,9.14686612459781e-05,6.08057325521093e-05,2.35570097873161e-05,4.34526793768224e-05,1.13752409956931e-05
-2.6e-13,2.79814839805859e-05,5.00001000151758e-05,-6.29362560119036e-05,-5.27248017409273e-06,-6.66573703583148e-06
-2.4e-13,0.000156032974882021,8.65197263385735e-05,7.79955232127377e-05,1.38833250375289e-05,1.07943612117575e-05
-2.2e-13,0.000135387863325549,0.000143590213803694,8.17017911065093e-05,2.55568641222506e-05,1.81282572049633e-05
-2e-13,3.31866174265731e-06,-5.05220159225044e-07,-3.73146700324684e-05,1.14991167304181e-05,1.3998996703689e-05
-1.8e-13,0.000303886006226648,2.08945770467671e-05,0.000143837032306546,-6.90299124732175e-05,0.000126946703572012
-1.6e-13,6.80042289966722e-05,3.34207171691394e-06,6.59095134339841e-05,-4.43325686286581e-05,6.64151466190415e-05
-1.4e-13,-5.37584235187245e-05,-8.08911322228385e-05,0.000116899281569764,1.86913590741311e-05,1.19742430685367e-05
-1.2e-13,-0.000379861637032393,-6.57400938120863e-05,-5.61440143594713e-05,-1.26425565551462e-06,-0.000176639260605954
-1e-13,-2.2413751542074e-05,4.65829931628229e-05,-4.62166400355395e-05,1.26660804523339e-05,-8.26017640319912e-05
-8e-14,1.54347673861919e-05,0.000131214832817151,4.84915159874274e-05,4.39174189125473e-05,-3.4579598566451e-05
-6e-14,0.000193901473175734,0.000136627918940459,6.3788415168008e-05,-4.03669282148924e-06,5.45412223296903e-05
-4e-14,-2.90524999752792e-05,-0.00011344632495067,4.72365629697186e-05,-1.72445279675125e-05,-1.21162112613559e-05
-2e-14,-2.49240134388483e-05,-0.000193484767364091,-6.78299749343298e-05,-6.62304002736056e-06,-0.000102648401337601
0,-3.94956754005024e-05,-0.000315579570389863,-2.67854544769681e-05,9.53697521423343e-05,-0.00017448686268049
2e-14,0.000141551901827968,-0.000559103090618759,-0.000297023178975825,6.66554525440716e-05,-0.000332714820062054
4e-14,0.000411567551771986,-0.00117823941499344,-0.000470692391696997,0.000153166820405512,-0.000651220305772772
6e-14,0.00129188342993217,-0.0022671722537082,-0.000911731473510844,0.000188469382254179,-0.00111516866252841
8e-14,0.00196609001557909,-0.00308666610407305,-0.00141205784561639,0.000310295883536122,-0.0015950475712997
1e-13,0.00406745004422157,-0.00516562120918815,-0.00181831225759907,0.000600861162849566,-0.00191618319145317
1.2e-13,0.00588863134993715,-0.00638900281807153,-0.00225631980143162,0.000832881338696592,-0.00215765560348253
1.4e-13,0.00827847971963924,-0.00743205273208466,-0.00237442035863267,0.000969482766085446,-0.00174511513089787
1.6e-13,0.00995466952073809,-0.00800816690534523,-0.00187888121769772,0.00119287825045813,-0.00135443499756234
1.8e-13,0.012391547340972,-0.00787684996041815,-0.000948233482470743,0.00124383015235541,-0.000386410895844522
2e-13,0.0130702683551226,-0.00731006552904239,-0.000323211843763328,0.00128322377830482,-6.66715652299328e-05
2.2e-13,0.0142481239683721,-0.00616743342063732,0.00096288263292017,0.00138070338945406,0.000502282099063155
2.4e-13,0.0143721904727949,-0.00534517479246703,0.00167536474864214,0.00133135770857727,0.000566173614827646
2.6e-13,0.0147624489435235,-0.00373008299908127,0.00252378580053868,0.00129349377083157,0.000674339194420719
2.8e-13,0.0141473706720845,-0.00259670801216684,0.00274450381995916,0.00124299941701135,0.000568162847641945
3e-13,0.0147059123710941,-0.00121638185855603,0.00312906380891246,0.00143632231053367,0.000407776759554152
3.2e-13,0.0140832184602837,-0.000173822150433667,0.0030730158592476,0.00144360766765636,5.35002106294335e-05
3.4e-13,0.0141960629011392,0.000575779602900654,0.00278148252109986,0.00139468646685586,4.81894083300956e-05
3.6e-13,0.0141437820423491,0.00122820568683932,0.00272712501311433,0.00166016597869245,-0.000167879673073417
3.8e-13,0.0138151115405296,0.00197490205910779,0.00217694462029132,0.00158772024107697,-0.000286712816347369
4e-13,0.0133165399465747,0.00231542295612353,0.00164594140586846,0.00157366153920121,-0.00052550552921381
4.2e-13,0.0137933880563145,0.00252844572175906,0.00136868577710998,0.00152877798422478,-0.000246000268689217
4.4e-13,0.0134580113939461,0.00242221501540376,0.000990817135069341,0.00155430684779101,-0.0003896904289228
4.6e-13,0.0131478078204619,0.00270602924992516,0.000498425739773672,0.00139778567560947,-0.000487267175861518
4.8e-13,0.0129870508718627,0.00279887205350315,0.000256002263837904,0.00129197404331999,-0.0004278127924063
5e-13,0.0131321612272241,0.00268546011516777,4.1250744217678e-05,0.00123040298690451,-0.000335626033251428
5.2e-13,0.0129799943828042,0.0030143454889385,-0.000200922131217209,0.00107862183492138,-0.000305459641704072
5.4e-13,0.012833460606461,0.00281720298841923,-0.000474703213200945,0.00101354375015183,-0.000325832123766963
5.6e-13,0.013440936113172,0.00277132697835515,-0.000326896097365014,0.000960674910896217,-0.00010182016579566
5.8e-13,0.0128815874339143,0.00283390119373095,-0.000686635705100947,0.000913665799190392,-0.000269848475285667
6e-13,0.0130045434683241,0.00262473911824784,-0.000758027818407566,0.000754300841613971,-4.48761926161047e-05
6.2e-13,0.013081323217129,0.00265178394622176,-0.000727582262072595,0.000646315810001108,2.59558970899248e-05
6.4e-13,0.0129213804209228,0.00249956885480775,-0.000709170889945118,0.000559921521886701,-4.50921779082106e-06
6.6e-13,0.0126403649739361,0.00244484542028745,-0.000970221353850557,0.000480692953163956,-7.77905010147406e-05
6.8e-13,0.0127411020135615,0.00225098153938887,-0.000936618731587907,0.000397329176539053,5.79151505922552e-05
7e-13,0.0128137336145426,0.00231516251853715,-0.000956669721538325,0.00052697108870877,6.27160075961113e-05
7.2e-13,0.01269304857665,0.00216691879294382,-0.000963198950963302,0.00043570285380114,-4.26902977016381e-05
7.4e-13,0.0128357454975515,0.00210432801763935,-0.00100637426795846,0.000270943580403359,0.000130695598362811
7.6e-13,0.0126458390041747,0.00178870132846052,-0.000998372126821459,0.000350179690624746,3.19586074870219e-05
7.8e-13,0.0125133320907459,0.00193672954250669,-0.00114101050160502,0.00025378125731395,-1.12207857052868e-05
8e-13,0.012561856199433,0.00189136965711979,-0.00113549633404205,0.000302711276732001,1.92852895621968e-05
8.2e-13,0.0126644931378185,0.00176101184050066,-0.00106658672949624,0.000168934722217336,0.000136567410213804
8.4e-13,0.0125997529432764,0.00155362588842819,-0.00098092430653858,0.000279839750845218,0.000107372852175286
8.6e-13,0.0125104107001134,0.00146760771383354,-0.0010649914062136,0.000232266981328761,5.41038391366774e-05
8.8e-13,0.0121446240746122,0.00169394196925925,-0.0010049971456439,0.000183167788087059,9.83753858415285e-05
9e-13,0.0124736394914464,0.00141488898538928,-0.000972161100100961,0.000287656614296521,5.1954194803261e-05
9.2e-13,0.0125864198581746,0.00160525499612309,-0.00104970917661343,0.000211637469673429,0.000149935909999645
9.4e-13,0.0127518452905468,0.00126239723033447,-0.000873675669550531,0.000210264681547232,0.000233087733901454
9.6e-13,0.0124958621012638,0.00119360234241218,-0.000875674939236634,0.000258874358232213,6.8981209329136e-05
9.8e-13,0.0125808076265555,0.00105710492626228,-0.000857133949918239,0.00025214463854169,0.000190818797149826
1e-12,0.0126102666411935,0.00108515279246704,-0.000846151283020473,0.000117168050523034,0.000209570383044324
1.02e-12,0.0126196751960373,0.00104941449042662,-0.000879021685689082,0.000176730481819873,0.000201196760969661
1.04e-12,0.0127638889669578,0.00107773879767456,-0.000865836111321047,9.27842465426095e-05,0.000306714601258425
1.06e-12,0.0124764348499674,0.000973840560863798,-0.000836853905189246,0.0001661953155316,0.000140942487528197
1.08e-12,0.0126771812633425,0.000851473373730152,-0.000866117755531345,0.000160525064974133,0.000190710465345984
1.1e-12,0.0125971980856379,0.00112835652000518,-0.00106041073871554,7.16007071722678e-05,0.00026654015907125
1.12e-12,0.0124646375886078,0.000726705125800123,-0.000711261548212406,0.000197117187045676,0.000172042076995276
1.14e-12,0.0123350899791119,0.000716905767851479,-0.000769663329009425,0.000142917785361035,0.000134454286232807
1.16e-12,0.0127328686105878,0.000982999132062756,-0.000747115229177337,-2.86169233869964e-05,0.000386332103713411
1.18e-12,0.012496758621766,0.000678249865044902,-0.000673100216370534,4.84405875400689e-05,0.00026010428639927
1.2e-12,0.0126964706229244,0.000843134410054511,-0.000650525901735953,1.57064544906206e-05,0.000317464692699693
1.22e-12,0.0122501875650102,0.000821641336351431,-0.000845371793909703,8.09360905701107e-05,9.59951791647754e-05
1.24e-12,0.0124185920243115,0.000558802331907754,-0.000610916779835038,4.51091598464013e-05,0.000230366084675305
1.26e-12,0.0119322295137853,0.00057290931487738,-0.000598433803419378,6.88341945574557e-05,0.000175584682810012
1.28e-12,0.0126934913265866,0.000619884875308144,-0.000543770557455813,7.02801496753182e-05,0.000347753177679364
1.3e-12,0.0125697908876185,0.000486249059559407,-0.000587795342024282,0.000118731063562302,0.000254651026035076
1.32e-12,0.0124651652880929,0.000601902929665123,-0.000675356391110232,-4.08046681450609e-05,0.000274242822752608
1.34e-12,0.012215441106491,0.000391467283522992,-0.000695122676119658,4.74574213817535e-05,0.000181922537939242
1.36e-12,0.0122056259444307,0.000291974986728146,-0.000538919714431,5.41013395775774e-05,0.000145435021219637
1.38e-12,0.01216768517453,0.000454776602566619,-0.000627649057003417,6.5662540310986e-06,9.5083513039516e-05
1.4e-12,0.0122052731547317,-2.92207500067428e-05,-0.000512591837903095,8.10141207809734e-05,0.000167305433217173
1.42e-12,0.0124345743026777,0.000496142856978097,-0.000590074487860544,-9.50315761534207e-05,0.000223205967219745
1.44e-12,0.0124630013922905,0.000350414554802643,-0.000604913189180399,1.65279165826106e-05,0.000271517699634509
1.46e-12,0.0122012082182354,0.000512838370248677,-0.00061570751643042,-5.22330536292718e-05,0.00022821491412988
1.48e-12,0.0123613012772527,0.000256100323443221,-0.00041116862199316,-6.29599610206256e-05,0.000241524092394359
1.5e-12,0.0122106994401116,0.000251054888891965,-0.000396068174928202,3.98469143461677e-05,0.000201913538647285
1.52e-12,0.0123261916968241,0.00018764751475742,-0.000406042683268077,1.90811661485426e-05,0.000240464638718163
1.54e-12,0.0125297532605291,0.000269680503082851,-0.00032562730433473,2.69048120070961e-05,0.000282600805224566
1.56e-12,0.0124914178688769,0.000370361841958065,-0.000456806426704676,-6.90698748521504e-05,0.000253700022318755
1.58e-12,0.0118978592807631,0.000153674183387988,-0.000390375200531182,-0.000180492500554673,0.000350981390767319
1.6e-12,0.0124263872437142,0.00011340760790681,-0.000336775884474199,-0.000113257473555932,0.000319224614971578
1.62e-12,0.0123828318413275,0.000103401116179577,-0.000350924273883716,-0.000156449335795576,0.000264996447081341
1.64e-12,0.012302472413847,7.07792063143091e-05,-0.000365908016758224,-9.97365316110917e-05,0.000253536546081043
1.66e-12,0.0122904793064937,2.21028905408926e-05,-0.000292421160605383,-7.73317887816002e-05,0.000190032769533745
1.68e-12,0.0123151570818676,-2.70103749520609e-05,-0.000312136040015085,-0.000179198578628397,0.000312645002519738
1.7e-12,0.0124890056075088,0.00011071647886762,-0.000298814453481281,-9.36570722617735e-05,0.00031294208380651
1.72e-12,0.0120443844402795,0.000210203707596146,-0.000435207640444442,-0.000180335007492407,0.000166438054638966
1.74e-12,0.0120578184140732,-0.000113131458088688,-0.000292135190048449,-0.000114947336050093,0.000137890254089475
1.76e-12,0.0113188530445024,0.000200815627280799,-0.000323352155182918,-0.000111142367140349,6.84830173719552e-05
1.78e-12,0.0119776871798486,-0.000217287258064901,-0.000265466697808847,-5.95515654651028e-05,0.000122613647825896
1.8e-12,0.0118084143555156,7.38205249075589e-05,-0.000278861398452518,-0.00015656624818222,9.89982318770924e-05
1.82e-12,0.0122534745958857,-7.96017979947446e-05,-0.000225515029930854,-0.000158893527070045,0.000290991333489756
1.84e-12,0.0120564785981455,-3.39402827253376e-05,-0.000334686761567561,-0.000217744007683728,0.000161693710287793
1.86e-12,0.0120027813962308,-6.8888991777452e-05,-0.000275227638012336,-0.000224062912523953,0.000182682646655226
1.88e-12,0.0116547341109538,-9.60213935017734e-05,-0.00029828250612967,-0.000149054620840495,-1.39045923682782e-06
1.9e-12,0.0118946524045063,-0.000161693863007781,-0.000263115777819523,-0.000209959733017086,0.000175778353425645
1.92e-12,0.0117587807572232,-0.000105030807700522,-0.000359494010796283,-0.000198147725619613,8.37438324806497e-05
1.94e-12,0.0119566769892621,-1.61946647132792e-05,-0.000263544879968613,-0.000263499483809492,0.000202016185874354
1.96e-12,0.0120090405971983,-0.00016662104987134,-0.000221613647591209,-0.000162745007672769,0.000219621477366833
1.98e-12,0.0117889422354974,-0.000223246159530631,-0.000245284148558894,-0.000237200050644759,0.000115266014700699
2e-12,0.0121021798948409,-0.000129534047191852,-0.00011446995291517,-0.000190319485484364,0.000261172526718877
2.02e-12,0.0119342668721604,-0.000172694878525075,-0.000169446466163798,-0.000287787375977493,0.000143847192327768
2.04e-12,0.0118512934533426,-0.000313766726955279,-0.000230389684922259,-0.000206255070615508,0.000111156125162703
2.06e-12,0.0119824263814214,-0.000240594770288801,-8.66324253201975e-05,-0.000206063776126939,0.000143980306005459
2.08e-12,0.0118063623056686,6.54111862082945e-06,-0.000220854394418024,-0.000288958212267666,0.000150563919035249
2.1e-12,0.01172458201411,-0.000228275443907035,-0.000136582471754292,-0.00021005026174948,5.84416910827698e-05
2.12e-12,0.011881792771683,-0.00024392847123089,-4.89407262615054e-05,-0.000165910831675967,0.000190034718524759
2.14e-12,0.0117560547251634,-0.000435971062824485,-0.000119706570039727,-0.000256311618795955,0.000133428499728196
2.16e-12,0.0116042766738802,-0.000358560746969838,-0.000210992182374549,-0.000248426248432582,-1.55445868165073e-05
2.18e-12,0.0117381749915619,-0.000282812590097053,-0.000101758625437337,-0.00029460464618003,0.000152248381176145
2.2e-12,0.0116620322642233,-0.000435298217007731,-0.000167653709529408,-0.000296915865312305,4.10324414572852e-05
2.22e-12,0.0117403445144995,-0.000356293106386649,-5.55575112617139e-05,-0.000351058649412361,0.000195792751946009
2.24e-12,0.0116737747627317,-0.000249213203496602,-0.000154168771438415,-0.000316653233019572,6.49920738982482e-05
2.26e-12,0.0118396015894469,-0.000296309825353092,-0.000193076184947661,-0.000351242954055913,0.000214180525582736
2.28e-12,0.0116803629355875,-0.000329063260540325,-9.9277694994338e-05,-0.000363718914379671,0.000117627804856164
2.3e-12,0.0118833559440386,-0.00046378806479698,5.26972368843641e-05,-0.000278895103911826,0.000172653524698939
2.32e-12,0.0116623911134916,-0.000340815392447338,-7.7501103914661e-05,-0.000322514952113678,0.00013554169080826
2.34e-12,0.0117001933428343,-0.000146025005604006,-9.55013942489993e-05,-0.000390539474149153,0.000121015000506805
2.36e-12,0.0117604063107156,-0.000249648388513932,-7.15499541293844e-06,-0.000347001196995207,0.000160292234199816
2.38e-12,0.0118963337510091,-0.000520883734746371,5.60488903254363e-05,-0.000345888302045856,0.000234014332099748
2.4e-12,0.0114896995581642,-0.000356952948654344,4.10570229945255e-06,-0.000270601772937056,0.00010568093536813
2.42e-12,0.0115948914217287,-0.000332700847436418,1.07153579341933e-05,-0.000406552381046097,8.33983220850834e-05
2.44e-12,0.0115693124399642,-0.000134106450283944,-0.000150798525792615,-0.000417520959754673,0.000114702864011357
2.46e-12,0.0114190158930616,-0.000308589214090361,-8.81833445464051e-05,-0.000380660032615946,5.091685238072e-05
2.48e-12,0.0115254179909654,-0.000501698766374621,1.82978223161198e-05,-0.000385637525258207,0.000102555768108116
2.5e-12,0.0116761719914788,-0.000326950120799697,-9.33741615903802e-05,-0.000440602133457985,0.000114916372442201
2.52e-12,0.0118934990296332,-0.000354609331916164,0.000121398926292357,-0.00036534626483057,0.00022919935188295
2.54e-12,0.0110371826734089,-0.000632123012378447,9.02458545389498e-05,-0.00030887113580748,3.37162332506844e-05
2.56e-12,0.0112732390460222,-0.000384312158085894,-4.10355800521167e-05,-0.000372366004651482,1.34328010995115e-05
2.58e-12,0.0114569432957238,-0.000368100247540081,-2.24735997061798e-05,-0.00044635970121697,4.80383260745205e-05
2.6e-12,0.0119940529081353,-0.000265476188604063,0.000118119113152669,-0.000436934581029554,0.000281592514482127
2.62e-12,0.0113219729417504,-0.00046137630646765,-3.79263762883804e-05,-0.000357917332997611,2.13222941667075e-05
2.64e-12,0.0113250690505993,-0.000419687699702965,4.08926642680135e-05,-0.000401122706220155,3.52238764024517e-05
2.66e-12,0.0115041917259778,-0.000486140330102016,5.47438752805805e-05,-0.000408418547268975,0.000140295596318662
2.68e-12,0.0113380110122561,-0.000590809351728332,7.31067926633411e-05,-0.000428881603834956,7.17723136148519e-05
2.7e-12,0.0112920652588087,-0.000364820986498278,-1.20277342356603e-05,-0.000488646439770018,7.93723144469637e-05
2.72e-12,0.0116450877635175,-0.000309719213752454,5.62359681125649e-05,-0.000433895266968939,0.000168418662794694
2.74e-12,0.0114998327205911,-0.000386136371973125,7.26648005386051e-06,-0.000444736733369012,0.000131746433493584
2.76e-12,0.0116021153626375,-0.000330936000728207,7.52302070426152e-05,-0.000439456277580927,0.000205632303332406
2.78e-12,0.011351614837802,-0.000561580418620962,2.75308176335341e-06,-0.00044216609000053,5.86551534119207e-05
2.8e-12,0.0114044492280646,-0.000533828784243264,8.86338837059503e-05,-0.000393490847812965,5.06076427298656e-05
2.82e-12,0.011568324660585,-0.000285425706638481,4.28370236360144e-05,-0.00047820296365718,7.72495102039547e-05
2.84e-12,0.0113683449063625,-0.000469421514083882,0.000100596560568975,-0.000434351063475365,0.000119885864685631
2.86e-12,0.0113851158453471,-0.000389710048895581,7.81324776176934e-05,-0.000452222331989414,5.33456348651427e-05
2.88e-12,0.0112409895981846,-0.000407393661574256,0.000206092368145613,-0.00043112941184908,1.41837906474526e-05
2.9e-12,0.0113409794894161,-0.000645896064661465,0.000209740613241186,-0.000377222945624382,4.95759995195236e-05
2.92e-12,0.0110151225400756,-0.000525894285901243,0.000185491985715869,-0.000424983833999359,1.45346034871669e-07
2.94e-12,0.011001471384877,-0.000554510157779247,0.000229733223646581,-0.000336583222932955,5.68676647307041e-05
2.96e-12,0.0113638412173271,-0.000466498469342592,8.46120023865999e-05,-0.000541164184913236,0.00019870508161583
2.98e-12,0.0113603312421863,-0.000592581606953696,0.000121377248363355,-0.000378013439086146,7.5443968088778e-05
3e-12,0.010969168386809,-0.000511190784536971,6.2976788366772e-05,-0.00044623440391054,-9.40184083431363e-05
3.25e-12,0.01096390584251,-0.000547644191038193,0.000106167833938798,-0.000522937734835175,-4.50715066697767e-08
3.5e-12,0.0108749082504262,-0.000858532845805351,0.000296681126960375,-0.000404300953542917,-8.72343529059719e-05
3.75e-12,0.0107622216908333,-0.000633532365216613,0.000201951876225224,-0.000517637754595846,-3.32384024087895e-05
4e-12,0.0107444140957972,-0.000699350102847097,0.000369883564305865,-0.000538631003629719,-5.32872095605494e-05
4.25e-12,0.0106723282391304,-0.000786552787384052,0.000402643071616785,-0.000607075794931742,-3.26624335515658e-05
4.5e-12,0.0105120081639197,-0.00109182082696812,0.000510890195303391,-0.000577104748787431,-3.0646870805996e-05
4.75e-12,0.0104239903579431,-0.00088754293639345,0.000462652957704037,-0.000630465705256739,-3.1853344057038e-05
5e-12,0.010494920241711,-0.000896041461034623,0.000537649268856165,-0.00065637245735759,-3.01878753398043e-05
5.25e-12,0.0103119868504051,-0.0006791668287103,0.000543254393206981,-0.000660376287244263,-5.92385322933124e-05
5.5e-12,0.0102351954777599,-0.000910009324944265,0.000538271053603848,-0.00066110957465374,-7.60449497113776e-05
5.75e-12,0.0101372783422808,-0.000832380064847759,0.000504884939099994,-0.000713274475316441,-8.10028062796422e-05
6e-12,0.00999045350300526,-0.000661830908427547,0.000460042736608998,-0.000719411883902459,-0.000103251617040215
6.25e-12,0.0103241441610056,-0.000685817250631684,0.000580884868210942,-0.00078714366615785,0.000111795806863424
6.5e-12,0.0100483557905751,-0.000878152199633083,0.000635749591757001,-0.000692481916386645,-1.84051373517863e-07
6.75e-12,0.00988791801895079,-0.00103368528535926,0.000659671260805826,-0.000718185666180674,3.96483293822395e-06
7e-12,0.0100686610773998,-0.000855674693968763,0.000669544155853247,-0.000779973448394195,2.28122876646529e-05
7.25e-12,0.00939736154707103,-0.00110471206480936,0.000536818138421523,-0.000736892377552608,-0.000198598663463245
7.5e-12,0.00975810113181848,-0.00083699433902462,0.00062744035716129,-0.000757259040555651,-6.61391990879675e-05
7.75e-12,0.00922106263311924,-0.0012002872033969,0.000613089617153762,-0.000579145730700655,-0.000316257819438725
8e-12,0.0095257023408954,-0.000957849886688093,0.000756968046553677,-0.000678390841753237,-0.000141262248884405
8.25e-12,0.00930479991208787,-0.000912227207156777,0.000664329665907973,-0.000678940702623874,-0.000226491579358846
8.5e-12,0.009213756440799,-0.00112659557637282,0.000707872317343851,-0.00063602663766192,-0.000245445926484512
8.75e-12,0.00905415663116281,-0.0011456494794362,0.000624520916330392,-0.000654526247222584,-0.000316328496258432
9e-12,0.00888121542997906,-0.00106449556536571,0.000741054967425754,-0.000605774203638267,-0.000210718560228567
9.25e-12,0.00897897641438719,-0.0011393623398629,0.00057772287465145,-0.000662780280558958,-0.000297228641751459
9.5e-12,0.00906585593131225,-0.00116963093607143,0.000698982597946887,-0.000603786325621339,-0.000285314016145595
9.75e-12,0.00941889316198798,-0.00105104923107024,0.000744938561822906,-0.000679992806908229,-0.000100799858484746
1e-11,0.00924715213962291,-0.00111100047227858,0.000744534781917839,-0.000656953224188478,-0.000161236615046133
1.25e-11,0.00893961046854043,-0.00106711538750526,0.000967598519337332,-0.000628366932847526,-0.000202256235221301
1.5e-11,0.00850327868723884,-0.000902495116900929,0.000832020297839404,-0.000690558573349566,-0.000297357184305451
1.75e-11,0.008470266546604,-0.00100284429354147,0.000831358951259371,-0.000633634035761359,-0.000213243741539092
2e-11,0.00775416105884269,-0.00117603027445513,0.000845119594068588,-0.000531463502312678,-0.000487953328233201
2.25e-11,0.0077943112010108,-0.000900428024581925,0.000889628490479261,-0.000497529532269761,-0.000473524382125939
2.5e-11,0.00781881019704521,-0.000929448128090719,0.000962017784000876,-0.000545316943160565,-0.000415833484599481
2.75e-11,0.00771103928958306,-0.000946835224546752,0.00088682425036601,-0.000496939741645508,-0.00043897818226049
3e-11,0.00769095434171794,-0.000608610556897364,0.000844288295242208,-0.000604048979828824,-0.00034861367643608
3.25e-11,0.00753630210996733,-0.000468771459312318,0.000905087478753396,-0.00056023045051445,-0.000477631593499139
3.5e-11,0.00724569342142518,-0.000520299908293594,0.000862008874789472,-0.000482394508749617,-0.00056943872057115
3.75e-11,0.00729737553582041,-0.000152905341537871,0.000812626282468902,-0.00055287537400505,-0.000474471461974862
4e-11,0.00743810093232377,9.63537975307683e-06,0.000821995007433361,-0.000564350079685472,-0.000430977913447895
4.5e-11,0.00679819484633209,-0.000447327020265899,0.000835719024266979,-0.000462547002421968,-0.000668862180582431
5e-11,0.00647519747365857,-4.24301633742338e-05,0.000704318556792648,-0.00044231607817179,-0.000741199730114683
5.5e-11,0.00656032157262186,0.000209483019624453,0.000724141968178115,-0.000449694402098643,-0.000726094128221142
6e-11,0.00687524678607734,0.0004184920280637,0.000820078147023084,-0.000446005323007939,-0.0005665007218788
7e-11,0.00652055319969885,0.000317963913912528,0.000834062314744948,-0.000403124349364875,-0.000671010664537386
8.5e-11,0.00621404912675753,0.000628986361737458,0.000749195613550618,-0.000491255425957575,-0.000745652668231305
1e-10,0.00585139419704473,0.000753373634326291,0.000752710066368502,-0.000412005439028263,-0.000755121012399053
2e-10,0.00532862447584616,0.00172338787170728,0.000630187751023514,-0.00033541138998215,-0.000984698739807531
3e-10,0.00490971558168421,0.00194989947311206,0.000664638782812662,-0.000266616102999327,-0.001162058705597
5e-10,0.00499726566354511,0.00284899879766209,0.000638602175262118,-0.000376950232870518,-0.00112042486852076
1e-09,0.00430542774475346,0.00393702396528472,0.000548514453527161,-0.00043875392454271,-0.00151623322042669
1.5e-09,0.0039601417933102,0.00456361679696761,0.000642021682887158,-0.000459520099188113,-0.00168872754161918
2e-09,0.00330654290494021,0.00597290091211103,0.000414767317990377,-0.000403873634113582,-0.002007017043404
2.5e-09,0.00281289553937723,0.0066947136190508,0.000588867417437314,-0.000450150651253939,-0.00231704939782149
